ID,KARMA,CREATED,SUBMISSIONS
0x0,6627,1288173577,1695
0xdeadbeefbabe,707,1368460202,792
1stranger,37,1413175170,19
2510c39011c5,1592,1358217145,186
300bps,4890,1367865785,1038
3pt14159,6947,1224607489,1829
4ad,3039,1312476682,997
72deluxe,1011,1343998480,1260
7Figures2Commas,2894,1365188378,1057
AYBABTME,1725,1336649080,569
Aardwolf,1508,1347787789,817
AdmiralAsshat,1128,1381167698,279
Afforess,2207,1358977044,393
Aissen,2852,1294178865,372
Aldo_MX,1039,1363402871,512
Alphasite_,298,1354313715,247
Alupis,2202,1400030400,1486
AndrewDucker,19693,1228825147,2342
Animats,12719,1410156919,2757
AnthonyMouse,5012,1333120512,2134
Apocryphon,2109,1292377779,1252
ArkyBeagle,613,1365635655,628
Arnt,341,1310017182,210
ArtDev,381,1374098873,295
Artemis2,1333,1378305703,440
BCM43,1693,1253831462,319
BWStearns,583,1364857283,312
Balgair,1264,1366928486,462
Beltiras,454,1338392349,242
BenoitP,33,1375963336,37
BillinghamJ,362,1328686026,139
BinaryIdiot,2187,1396543267,786
Blahah,3548,1355328083,641
BostonEnginerd,91,1380896704,47
BuildTheRobots,557,1373367941,231
CPLX,2207,1396650112,379
Cakez0r,355,1337548320,196
CamperBob2,5502,1336344732,2767
Canada,623,1306686335,269
CapitalistCartr,8718,1254623962,1183
CaptainZapp,2599,1253616726,540
ChuckMcM,47236,1286399595,9861
Cogito,777,1335249177,272
Confusion,7347,1237877343,2374
Cshelton,405,1412278994,136
Cthulhu_,2284,1347806842,1293
CurtMonash,888,1330164126,419
CyberDildonics,633,1413726448,500
DCoder,445,1257147793,198
Daishiman,2440,1249310732,730
DanBC,31896,1316712157,14020
DanielBMarkham,36873,1188438568,6652
DasIch,1687,1303054443,557
DavidAdams,1006,1274760914,196
DennisP,3930,1190414133,1812
DiabloD3,17982,1284316408,3022
Doctor_Fegg,862,1368437125,237
DonHopkins,641,1397409739,676
Dylan16807,6157,1265294771,4540
EGreg,3499,1206622687,2630
EliRivers,2853,1264112211,1352
Elizer0x0309,18,1356972558,59
Eric_WVGG,493,1382532791,192
EugeneOZ,738,1332362658,496
FireBeyond,2572,1308894996,1281
Florin_Andrei,2879,1289524417,1376
ForHackernews,6927,1382022801,1511
FraaJad,2723,1224708578,465
FreakyT,1286,1370046750,165
Fuxy,1259,1351274217,681
GFK_of_xmaspast,1857,1387519891,1631
GFischer,3016,1262195053,2221
GabrielF00,3005,1349355627,336
Garbage,29507,1262237108,3742
GhotiFish,1810,1359837568,1090
Glyptodon,1226,1363112949,452
Goopplesoft,576,1349536047,290
Gracana,1174,1388332258,522
GuiA,12304,1318288810,1682
HCIdivision17,1222,1327628596,452
Hello71,420,1348526267,233
HelloMcFly,706,1340734616,286
HeyLaughingBoy,3281,1206375574,2053
HillRat,1242,1371079822,212
Houshalter,3166,1345660810,2450
Htsthbjig,1200,1398678818,391
IBM,3158,1382402003,483
ISL,4413,1348260249,1162
IgorPartola,8596,1258663242,2903
IkmoIkmo,2048,1407058090,768
InclinedPlane,27056,1253657907,7166
Intermernet,966,1326332115,690
IshKebab,706,1408792453,281
JTon,496,1329620600,247
J_Darnley,325,1315985616,397
JabavuAdams,4526,1214573606,1591
JacobAldridge,10584,1207181253,2231
JacobJans,293,1354646036,116
Jemaclus,1459,1337900251,464
JimmaDaRustla,699,1346078054,546
JoeAltmaier,8746,1255899679,7489
JohnBooty,2460,1336670777,602
JonnieCache,15785,1284370891,3697
JoshGlazebrook,1139,1363069013,175
JoshTriplett,13439,1264446488,3593
Jtsummers,2836,1254839344,1182
JulianMorrison,5170,1189176257,1771
JumpCrisscross,14873,1306841888,3157
JustSomeNobody,1400,1398972239,608
Jweb_Guru,579,1396048617,309
Karunamon,10280,1302558072,3823
Keats,369,1343042567,123
Kenji,1043,1389115132,401
Khaine,130,1375096889,86
Kiro,3215,1328401906,2263
Kluny,860,1277221771,561
Leon,319,1182288487,153
LordKano,985,1361827931,345
Luc,4220,1205265313,1121
LukeShu,1170,1304571961,462
LunaSea,207,1357592407,199
MBCook,4015,1324744720,1166
MCRed,2653,1398101344,926
MagerValp,185,1345126287,56
Mahn,1716,1348930840,648
Maken,127,1406945627,88
Marazan,472,1352814870,215
MatthewWilkes,347,1351249284,132
Matumio,152,1409473096,80
MaxGabriel,2295,1294633830,579
MichaelApproved,4566,1233357318,1512
MichaelGG,11244,1266705139,4898
MichaelMoser123,123,1373563273,172
MicroBerto,271,1394508182,100
Mikeb85,3015,1366939411,1381
Mithaldu,4911,1253970007,1489
MoOmer,220,1331747760,121
Narishma,567,1365346965,348
Natsu,7164,1274689291,3092
NhanH,1253,1360888947,518
NoMoreNicksLeft,489,1399066270,472
NoPiece,1416,1302164740,496
Numberwang,325,1342690396,169
Nursie,7240,1340604118,2971
Paul_S,967,1333530771,417
PavlovsCat,2861,1359970684,1488
Perdition,343,1392728719,188
PeterWhittaker,970,1240833731,630
PhantomGremlin,1315,1368601809,1025
PhasmaFelis,5058,1373349115,1653
Pinckney,637,1272180300,159
PinguTS,347,1389779568,135
Pxtl,6083,1365775470,2030
PythonicAlpha,1199,1383324108,810
RandallBrown,1941,1297176425,747
RankingMember,569,1382721776,311
Raphmedia,1321,1372270872,612
Retric,12701,1190391118,7536
RexRollman,4107,1278673131,1535
Robadob,283,1363910680,165
Roboprog,1044,1275445272,1022
RockyMcNuts,3526,1274575004,657
RogerL,2389,1370804549,714
RussianCow,513,1369530435,266
S4M,2665,1310761128,1075
SEJeff,1835,1325788048,948
S_A_P,1293,1265310951,511
SamReidHughes,1723,1186242958,1330
Sanddancer,2834,1320827045,1002
Schwolop,1093,1323662529,420
Scuds,156,1393272110,107
SeanLuke,2066,1250974512,706
Sharlin,1989,1245422911,563
Shivetya,6095,1317901227,2234
SideburnsOfDoom,2988,1321698086,1149
Silhouette,7459,1238887875,2800
Sir_Cmpwn,2326,1357543724,734
SixSigma,1641,1390596060,1227
SloopJon,424,1384526653,156
Someone,6888,1202503067,3641
Someone1234,8587,1403619631,2287
Spiritus,2743,1337264119,213
Spooky23,5882,1337867868,2115
StavrosK,18058,1272119285,7396
Symmetry,7404,1271512372,2479
Synaesthesia,856,1279786806,451
SyneRyder,628,1297955590,274
T-A,3961,1326212573,905
TD-Linux,1463,1391143615,457
TazeTSchnitzel,10428,1328319449,5028
TeMPOraL,14724,1280220865,6333
Tehnix,422,1344939745,162
Terr_,1192,1384987147,678
Thaxll,123,1358781642,162
TheCapn,705,1313606471,300
TheCraiggers,1014,1366371214,316
TheDong,811,1409192273,211
TheMagicHorsey,1316,1339465521,320
TheOtherHobbes,1869,1400253679,878
Thevet,10664,1409753582,376
Thimothy,279,1407679298,101
ThinkBeat,165,1381874585,63
ThomPete,9335,1224675490,3505
TillE,5228,1294139552,1532
Titanous,3709,1220821429,339
Tloewald,5150,1293747256,2097
Tomte,5614,1345710029,820
Too,1080,1317974287,629
TorKlingberg,945,1268580718,396
Touche,3630,1378904282,1813
TravelTechGuy,51,1380519446,20
TrevorJ,2959,1205522687,1632
TulliusCicero,357,1370115635,146
Twirrim,609,1280281795,158
UK-AL,1220,1329445632,721
UhUhUhUh,89,1413570273,82
UnoriginalGuy,5468,1339178551,1284
VLM,7766,1335704205,4493
Vendan,225,1399727151,183
WalterBright,7329,1256980397,2385
Widdershin,199,1316313619,112
X-Istence,4943,1266468729,2026
Xcelerate,5207,1339127290,1071
XorNot,2732,1358897873,1556
Xylakant,3870,1307117007,1202
XzetaU8,347,1406024075,63
YokoZar,1323,1314199553,409
ZanyProgrammer,1030,1367769617,532
ZenoArrow,1330,1351257298,983
ZeroGravitas,10408,1237813363,4438
Zigurd,5285,1307327198,3178
ZoF,651,1373170099,363
__Joker,1262,1253054442,295
_ak,938,1297673358,321
_delirium,35417,1264740195,9337
_jsn,64,1358550548,24
a3n,4361,1364540552,2347
a8da6b0c91d,959,1374342475,894
a_c_s,591,1340203120,235
a_e_k,459,1379827944,67
aaron695,1481,1346450506,807
abalone,4750,1312155477,932
abecedarius,2365,1183404771,1160
abruzzi,938,1322261687,367
aburan28,4722,1338145847,657
acdha,4831,1207940985,1847
acomjean,970,1331916964,514
acqq,9317,1269700304,3136
adamnemecek,24395,1311408287,2767
adekok,941,1328169740,154
adharmad,463,1231546900,219
adrianN,1493,1292076015,554
adventured,16556,1352969597,3979
aet,907,1325954747,430
aetherson,2122,1353432219,688
afarrell,1800,1279205394,844
afro88,164,1395053944,109
agumonkey,6982,1318171413,3935
ahoge,973,1323641108,451
aidenn0,4816,1226597928,2472
aidos,2690,1291378226,1014
aikah,2381,1401888091,1518
ajross,15758,1205255217,3655
ajuc,2625,1238087885,1261
ak217,2266,1300647494,445
akakievich,141,1409713876,5
akavel,1224,1278947277,232
akerl_,5714,1388776524,821
al2o3cr,1324,1379889625,515
alain94040,5382,1186803909,1591
alecco,5769,1218493222,1688
aleem,691,1272219886,191
alexchamberlain,2214,1319116370,1162
alister,1010,1281566521,175
alkonaut,1483,1375973001,711
allsystemsgo,367,1349708235,198
alricb,364,1403658799,148
alwillis,398,1285362265,278
amadeusw,66,1390184498,48
ams6110,12267,1235934045,5415
analog31,2221,1373818743,1055
andmarios,732,1341834786,209
andor,1298,1302858242,450
andreasklinger,1991,1277804941,428
andrepd,546,1371664615,200
andrewchambers,1076,1405400979,572
andy_ppp,498,1368698769,388
andybak,5343,1241629402,1418
andyidsinga,234,1286211432,302
andyjohnson0,5091,1327426580,1172
angersock,14202,1316617466,5205
anigbrowl,42072,1240107667,13253
ankushio,335,1389601628,47
annnnd,783,1349172549,361
anon1385,8856,1298287543,1031
anon4,1480,1384683429,980
anonbanker,412,1388266087,836
anotherevan,426,1314538536,165
ansible,1244,1286289891,642
ap22213,1418,1304435814,486
ape4,658,1370459386,555
api,13637,1191540985,3410
aresant,12771,1221105438,1655
arethuza,15699,1237799878,5677
aroch,2725,1369173991,1037
arohner,2413,1205958555,583
ars,17369,1215505101,7345
aruggirello,149,1380356660,194
ascorbic,467,1357127353,106
asdfaoeu,574,1289780098,213
asgard1024,972,1374947945,518
asiekierka,159,1318094242,95
astazangasta,554,1363804687,243
astrange,1517,1251438155,661
astrodust,5608,1199398628,2892
asveikau,1877,1346806015,821
at-fates-hands,2941,1339001337,1496
atemerev,489,1379448961,86
athenot,327,1386295943,114
atom-morgan,462,1372780807,307
augustl,1183,1251670286,282
ausjke,339,1365603502,363
austenallred,11790,1320269586,1463
avian,336,1320061524,83
avmich,446,1331681342,348
avn2109,907,1355025767,445
aw3c2,9119,1247520911,2758
azernik,1641,1274841853,564
bad_user,15000,1221496613,4837
baddox,13597,1203232489,6715
baldfat,2317,1339209017,1134
bambax,5709,1212569416,1415
barake,240,1269895418,106
barrkel,16754,1172962522,4435
baruch,227,1269255202,191
bcjordan,1397,1224298154,270
bcohen5055,119,1391031991,64
bdcravens,3797,1339271438,1774
bduerst,1679,1347463562,1250
beagle3,6359,1245457058,2755
beat,4094,1366747282,1389
bediger4000,1641,1332472758,1019
beloch,5102,1264484592,671
belorn,6756,1331589271,2227
benatkin,3337,1173917027,1670
benbreen,12057,1401672952,708
bgentry,2573,1259815076,405
bglazer,565,1380231152,180
bhauer,4906,1326328889,1015
bhaumik,2853,1379909472,345
bhouston,2723,1366032724,786
bigdubs,847,1294161857,260
bigtunacan,486,1377109610,278
bilbo0s,2403,1177861288,766
biot,6315,1289278281,2060
bitL,623,1353002434,341
bitwize,4649,1185568803,2070
bjackman,644,1369495309,123
bkeroack,1212,1398962514,386
bkjelden,493,1342282469,110
blacksmith_tb,299,1293571286,242
blahedo,5398,1254115684,1059
blazespin,1239,1368741851,525
blinkingled,3280,1291939443,996
blisterpeanuts,1084,1338901625,535
blowski,1529,1341258326,535
blt,986,1335984794,473
bluedino,3023,1361823207,1365
bluerobotcat,106,1379339159,57
bmelton,7101,1222464592,3164
boothead,1357,1286988306,503
bostik,1572,1375264884,355
boulos,557,1368656225,135
bpicolo,489,1360613326,337
bradleyjg,4908,1325104156,1149
brador,2677,1316187381,1384
bradyd,95,1369894230,46
brandonmenc,1148,1342754607,360
bravura,3922,1217915445,881
bredren,182,1344005071,101
briandear,2627,1301358292,1477
brianpan,691,1272864088,250
brians,180,1390099390,57
brohee,895,1308671916,372
brokentone,2203,1291318855,414
bronson,1349,1281335793,549
broodbucket,1009,1372809104,147
brotoss,132,1397748688,65
brudgers,21669,1274637385,8038
bryanlarsen,8230,1279021729,2402
bsaul,1644,1311517042,837
bshimmin,1939,1382798277,632
bsilvereagle,707,1349561679,268
bsimpson,2455,1313124623,804
btian,852,1300889959,266
btown,1484,1330128932,477
burnte,362,1391886868,147
buro9,10526,1199775998,2028
byuu,1900,1327137257,441
cLeEOGPw,463,1366798420,489
cafard,1497,1289328425,1495
caio1982,3337,1331503893,274
calgoo,142,1347979414,111
calinet6,5558,1329173573,1562
callahad,6064,1203218228,1140
camperman,721,1239187906,209
canjobear,529,1382654009,100
capisce,404,1325861593,238
carsongross,3159,1280510307,820
cbd1984,1832,1405813445,1189
cbhl,1764,1314029776,1054
cbsmith,1480,1281823206,1175
cdnsteve,334,1390142388,177
cdr,1820,1188780983,797
ceejayoz,16450,1285277456,4583
celticninja,935,1313684899,560
cfontes,2501,1294154672,733
chambo622,256,1352950995,90
charonn0,1089,1323137089,429
chc,15612,1271107560,5688
cheepin,486,1395633873,240
cheez,1546,1298518878,866
chestnut-tree,1529,1356450782,493
chetanahuja,2061,1358326536,642
chii,1230,1267767414,1241
chimeracoder,14759,1286899481,2499
chiph,2577,1340899173,1266
chippy,3805,1305211394,910
chipsy,3170,1251124142,1258
chollida1,6194,1203447498,1366
chongli,2219,1346896967,954
chrisBob,1584,1384865535,742
chris_va,308,1382116271,149
chris_wot,9265,1334118263,3746
chrisbennet,1662,1244951952,956
chrismealy,4901,1243963860,807
christoph,668,1292425625,197
chroma,1052,1275472689,222
chrstphrhrt,19,1322750416,17
cies,1288,1282777662,420
cissou,179,1371596359,56
cjensen,1885,1317311452,506
cjslep,630,1389109563,180
ck2,25996,1269553443,5203
claar,346,1388877557,123
cloudwalking,2839,1257298751,490
cma,4342,1240726960,1826
cmsmith,838,1353117119,207
cnvogel,1494,1252440047,568
codeonfire,751,1321217414,633
codexon,2870,1244618231,1090
codezero,3408,1291771428,1382
codinghorror,1210,1206836619,356
codygman,1041,1318992036,1178
cognivore,382,1244492614,124
colanderman,4511,1223929658,1598
coldcode,3460,1364433640,1316
coldpie,2504,1338998067,930
coldtea,17329,1360252032,7616
colechristensen,1866,1315764440,504
colinbartlett,3012,1338921329,659
colinramsay,903,1312291628,279
collyw,2210,1374741047,2640
colomon,1130,1239661560,548
coloneltcb,17152,1205248131,869
colordrops,546,1353671490,241
comex,7521,1271286713,1770
conductor,8049,1286716200,940
contingencies,3218,1352766168,2296
cookiecaper,10065,1216529490,3071
coolgeek,194,1285211990,79
cooper12,151,1382788891,93
coreymgilmore,1794,1386953314,382
corin_,9071,1274656505,3216
cortesoft,1198,1270579996,305
cousin_it,4719,1200691168,1733
cowsandmilk,1137,1208835520,356
cpach,1338,1211914197,560
cperciva,39005,1182422025,5288
cpeterso,18320,1294351488,4139
cpncrunch,1239,1363963271,938
cpwright,731,1384526097,263
crazypyro,1102,1304526126,567
crdb,755,1398348838,313
crdoconnor,3366,1302234719,1661
crpatino,731,1225384067,688
cryptoz,14933,1245708088,2919
csandreasen,656,1301181562,399
cschmidt,1829,1194986018,679
csense,2901,1342988166,1558
csours,310,1343448715,151
ctz,1534,1287686900,287
curun1r,849,1328659713,345
cwyers,3569,1386985883,1068
d23,1565,1345748690,578
dTal,634,1370208541,398
dagw,9225,1244993186,3250
dalke,6809,1258321589,4332
dalore,1211,1268394625,555
dan1234,1717,1315662330,405
danbruc,2609,1350131960,1196
danellis,967,1304477907,534
dang,17998,1187454947,7472
dangrossman,16105,1206022569,4743
danieldk,7359,1277820886,1934
danielrhodes,1272,1205963228,341
dankohn1,1968,1316534883,297
danmaz74,4640,1302549259,1717
danso,62578,1308087057,6856
dantiberian,1830,1308747400,227
darklajid,4556,1277738802,2038
darkmighty,1252,1368939911,841
darkr,228,1347392591,102
dasil003,15538,1220548961,4658
dave_sullivan,1152,1299785536,383
davelnewton,344,1279825738,302
daveloyall,753,1391816554,427
davexunit,3604,1365608502,926
davidbarker,8724,1349784599,766
davidw,41060,1171923925,11922
davismwfl,677,1345342947,610
dbaupp,6856,1326767613,1389
dcre,1259,1357189128,230
ddingus,429,1409886519,347
ddlatham,2150,1250807948,259
ddorian43,894,1305561721,543
deanclatworthy,832,1355824693,297
dec0dedab0de,803,1378135905,346
deciplex,1076,1393384865,795
deegles,1398,1369852351,291
deet,158,1327095340,66
delecti,562,1377818453,274
delinka,3324,1290176499,1347
dennisgorelik,1945,1237502685,1326
derefr,14956,1188169901,5097
derekp7,1526,1303755037,827
derelk,18,1283029393,8
desdiv,1383,1409912480,431
deutronium,1227,1240774718,415
dfabulich,344,1265147734,70
dghughes,321,1262366719,292
dharma1,393,1274058459,445
diafygi,3802,1305565086,450
digi_owl,1603,1411501050,1589
dijit,930,1374845060,343
diminish,2784,1290349627,1019
dingaling,1567,1378461101,712
dionidium,2328,1216138528,508
discardorama,2421,1372876292,677
divs1210,138,1401892745,54
dkarapetyan,2221,1396257788,767
dllthomas,9015,1338329391,6982
dman,4031,1267393220,1410
dmckeon,666,1334354394,253
dmishe,785,1322078939,314
dmix,12411,1202351108,2984
dnetesn,17321,1403193406,1939
dogecoinbase,556,1390604055,119
dombili,1195,1358751893,237
dominotw,1798,1359514697,676
donatj,631,1365103324,273
dools,3091,1286786872,1139
doomrobo,343,1350440439,116
dorfsmay,838,1350855656,367
doug1001,114,1330234136,133
downandout,7387,1318848397,1470
dozzie,278,1398095729,389
dpeck,2264,1292972823,475
dpflan,1136,1357834968,266
dragontamer,2180,1358612406,1292
dragonwriter,21332,1353015651,10958
dredmorbius,13121,1310577781,6471
drikerf,17,1403686793,27
driverdan,6591,1251610164,1730
drjesusphd,358,1379104323,208
drstrangevibes,162,1296210769,177
drumdance,1140,1238898709,634
drzaiusapelord,6172,1299515238,2041
dsr_,5609,1308167054,950
dsugarman,964,1332945699,321
dtech,1083,1393340108,222
duaneb,3699,1202924310,2253
dublinben,3478,1334542494,1643
dullcrisp,192,1327442072,49
duncanawoods,873,1348875091,186
duskwuff,3077,1233280328,1237
dustingetz,3183,1252683393,1219
e12e,4483,1339611893,3232
e40,2892,1181524598,985
eatitraw,1009,1328444535,210
eclipxe,1331,1304566153,421
edw519,72401,1172021404,8768
eevilspock,1956,1300046800,823
eitally,2017,1264602395,931
eitland,946,1255858047,435
electic,3462,1296842595,618
elemeno,1571,1291998535,331
eli,19273,1172204475,6670
eli_gottlieb,5181,1294702186,3821
eliteraspberrie,711,1380125715,254
eloisant,1383,1330102676,417
eloycoto,1345,1360587502,144
elwell,2277,1380384499,1501
emiliobumachar,801,1336773235,362
emmelaich,612,1252553552,517
emsy,538,1396850468,314
encoderer,4421,1241636040,1746
endgame,1483,1270634566,394
enknamel,32,1382306129,12
enneff,11716,1233095015,1489
enos_feedler,218,1309830016,91
enraged_camel,8023,1331447537,2351
epistasis,2701,1294437051,692
epmatsw,559,1327012043,232
ericHosick,795,1251081987,367
eridal,823,1369443236,507
eridius,5058,1241762024,1967
erikb,1328,1245702920,1168
eropple,7668,1302571295,3272
err4nt,522,1364844460,390
eru,14123,1187280076,10773
esaym,197,1402320842,137
espadrine,3469,1315813621,387
est,3586,1226411056,1811
estefan,305,1410988790,159
eterm,1898,1360776526,627
etiam,2488,1274042836,323
exDM69,5180,1265129801,1393
exabrial,291,1306808611,219
exelius,3331,1383843375,1053
exodust,577,1346049819,409
exogen,2084,1173232412,215
exratione,995,1299428907,229
facepalm,1045,1391039860,1026
falcolas,5331,1289424572,1953
fallinghawks,257,1372437796,224
fasteo,663,1357653113,316
feld,1035,1396798839,641
felixgallo,606,1367627981,256
fennecfoxen,4531,1286338841,1486
fijal,1506,1254129290,447
firloop,781,1334161348,97
fit2rule,2227,1381501721,1930
fla,2263,1310402412,357
flowerpot,121,1374400583,69
fluidcruft,1460,1279995488,707
fnordfnordfnord,7393,1336077870,3205
fnordsensei,284,1365890174,120
foobarian,618,1334188249,301
foolinaround,133,1392561986,80
forgingahead,780,1306987400,176
forgotAgain,3458,1264541648,739
forgotpasswd3x,303,1403622438,212
forgottenpass,3819,1370280666,995
forrestthewoods,4438,1308945419,973
fpgeek,5944,1254044839,1854
frakturfreund,109,1367892583,20
freehunter,9094,1320848029,4199
frik,2587,1372507416,1467
frostmatthew,4333,1331771573,750
frozenport,2190,1345282247,1568
fsloth,1296,1370349031,666
fulafel,1007,1335509781,681
fumar,1278,1329963969,326
function_seven,1269,1295675354,408
funkyy,1036,1396230354,466
gabemart,3996,1349303322,586
gadders,3609,1297351998,2069
gaius,23400,1211383539,8798
galago,128,1361664308,77
gambiting,2979,1345850439,1414
garrettgrimsley,233,1388123216,121
gcb0,2320,1357587286,2110
gear54rus,190,1401053912,154
geon,1788,1239085272,792
georgeecollins,395,1341428925,189
georgemcbay,13559,1284524051,3020
gergles,3025,1278896431,642
gesman,1140,1267842697,1004
ggonweb,2126,1412380022,200
ggreer,4850,1363922715,539
gh02t,336,1339360033,158
ghaff,2069,1267626213,1281
ghosh,16976,1309950175,2309
ghshephard,18359,1206352714,4439
giarc,1017,1379540579,505
girvo,5143,1338430828,2324
gizmo686,3036,1341290431,1681
gknoy,1891,1344443520,1012
gnopgnip,112,1395092559,138
gnoway,789,1357310612,400
gnu8,1151,1320810748,316
godgod,66,1366144982,231
gohrt,2239,1366138573,1282
gojomo,23101,1172307574,6619
gopalv,437,1345441362,118
gph,796,1325979574,254
grandalf,7235,1201661461,3325
graycat,1878,1360792350,1429
grecy,7700,1309891076,2340
greenyoda,8369,1287369331,4198
greglindahl,1526,1255198237,558
grey-area,8683,1334264848,1809
grimman,148,1361715601,103
gsnedders,1218,1339191105,629
gt565k,295,1358312474,134
guard-of-terra,4677,1302851702,3091
guelo,14287,1247879051,2975
gurkendoktor,1592,1313079664,1102
gus_massa,4520,1207078220,2157
gvb,5652,1238554303,1148
gwern,15982,1239226436,3711
gyardley,6057,1235088593,1530
haberman,11633,1242083008,2025
hackerboos,1203,1346098926,737
hackuser,3457,1396465457,1286
hahainternet,1507,1305919810,732
halayli,1273,1252950861,576
hammock,3344,1279147186,1254
hanley,136,1373917683,109
harmegido,144,1391648750,91
harryh,3943,1266690388,1379
harshreality,2203,1323452563,1022
hawkice,704,1403213104,320
hendler,2792,1206068739,550
herge,1490,1231756913,474
hetman,582,1227787741,239
hga,10451,1191150539,7297
hiby007,675,1364815144,137
highCs,608,1371168754,201
hippich,2906,1276880867,1036
hit8run,943,1370516632,120
hkailahi,119,1393638528,41
hkmurakami,8529,1309470375,2422
hliyan,1150,1394174457,289
hockeybias,30,1258212073,230
hollerith,3189,1194153114,1843
holyjaw,203,1282540350,122
howeman,88,1368632816,66
hsivonen,232,1299739936,93
hueving,2839,1389683132,1298
huhtenberg,10703,1205207243,3585
humanrebar,1874,1360326513,995
huskyr,2343,1315234952,325
hvidgaard,322,1355234804,245
hyperbovine,4940,1243619656,1151
hyperpape,1721,1342454041,565
iandanforth,2389,1261162591,525
ianlevesque,1238,1255467279,331
ibdknox,6966,1283710326,463
icebraining,20000,1307959061,10340
icelancer,2488,1346665527,1044
ics,2134,1360470131,586
idlewords,9178,1238791454,1437
iheartmemcache,645,1244181583,102
ihnorton,1034,1319408744,354
ilaksh,1299,1236668615,1483
im3w1l,1395,1299958016,1079
imacomputer2,11,1401897104,27
imaginenore,787,1401815943,650
imdsm,451,1368957732,221
imgabe,4864,1187961904,765
imrehg,696,1260953601,340
inanutshellus,90,1396357788,40
inclemnet,171,1408095952,86
increment_i,265,1379321528,119
ingenieros,95,1395005222,48
ingve,20733,1334265808,1435
interpol_p,1454,1348361130,568
inthewoods,691,1285962442,386
intopieces,598,1361555183,290
intruder,44,1381498883,29
iopq,1074,1348990840,682
ipsin,976,1297267568,219
iwwr,5816,1292198437,1520
izacus,1116,1362256833,308
j_s,1923,1266272464,1166
jacalata,2314,1302568776,1180
jacobolus,7726,1191329488,2331
jacquesm,94353,1228598598,23205
jakejake,2864,1315860600,1302
jakeogh,440,1366590386,199
jakozaur,1417,1230998458,309
james1071,49,1281275512,156
jamespo,355,1288545149,225
jandrewrogers,2976,1326302728,445
japhyr,3436,1313172754,937
jarin,7258,1257592958,1933
jasode,2772,1393555869,499
jason_slack,1036,1254867660,836
jasonkester,14225,1176226549,2298
jasonlotito,6628,1188825513,3022
javajosh,5780,1307749552,1643
jbb555,209,1389107430,150
jbob2000,307,1407867407,243
jbrooksuk,1145,1350029204,894
jcfrei,1803,1287164480,610
jdnier,872,1231393264,235
jdub,1724,1276022426,277
jedberg,8966,1174720190,1655
jeena,1578,1359665170,250
jeffasinger,510,1358273708,286
jeffdavis,2510,1285456375,989
jerf,38800,1223923906,8056
jerven,316,1343228238,184
jessaustin,9578,1350409718,4156
jevgeni,440,1398584287,280
jevinskie,2222,1275420899,891
jfoutz,2971,1187213356,1175
jgalt212,695,1353380030,667
jghn,474,1377180683,336
jimktrains2,1690,1298922752,985
jjoonathan,3514,1342543161,1052
jkestner,971,1334842075,427
jlarocco,3150,1311318776,1166
jldugger,290,1243215640,134
jlebrech,92,1329744049,183
jmnicolas,762,1387793052,548
jobu,3279,1237912272,796
joe_the_user,10012,1228234092,4000
joenathan,804,1298407471,342
joering2,2188,1327098748,1141
joesmo,1822,1390515583,773
joeyspn,892,1401200093,468
joezydeco,9448,1242251764,3694
johan_larson,203,1371163275,133
johnchristopher,2022,1311344710,1108
johnward,1972,1353516790,964
jolux,4,1412917703,28
jonah,2688,1205227333,1056
jonahx,1689,1358532526,512
jonathansizz,2630,1239834238,589
joosters,5826,1359967391,1299
jordigh,5568,1341611009,1193
josefresco,6237,1187222454,2648
josephagoss,1082,1330477059,428
josephpmay,1131,1337647712,283
joshkpeterson,46,1405557710,57
joshmn,1415,1366051638,430
josho,708,1204068687,293
joshu,12052,1208804250,3543
josteink,6113,1315224145,1665
jostmey,1110,1300060928,522
josu,1089,1383653603,473
joyeuse6701,421,1365094401,274
jpatokal,6614,1350261271,1111
jqm,1546,1386984696,1460
jrochkind1,5371,1331730159,1670
jrockway,47563,1179041148,13830
js2,5597,1267580284,1273
jschwartzi,596,1402813389,410
jseliger,17876,1204657106,3355
jstalin,3649,1331326770,647
jszymborski,299,1413038667,166
jtheory,1932,1213129766,1185
jtokoph,559,1322477200,169
jules,5846,1189896865,2719
julien421,2059,1360256250,213
junto,4867,1311250370,1623
jusben1369,5340,1327409792,1679
justaman,106,1385278201,76
justinator,377,1346644906,139
justincormack,8724,1297243992,3589
jvdh,1356,1235665459,403
jwr,6136,1203503577,907
jws,7790,1200700130,1772
jzwinck,2457,1323830609,711
k2enemy,1246,1344684432,190
k__,1186,1362988674,1097
kabdib,6460,1249273937,1321
kaitai,624,1359123717,308
kamilszybalski,318,1356738690,108
kansface,912,1325507299,501
kanzure,2850,1201920771,580
karlkatzke,146,1365085447,89
kawera,917,1282929236,260
kaybe,1108,1315751094,680
kazagistar,850,1373913800,517
kazinator,4019,1404339283,2295
kbenson,4189,1343271434,1991
kbutler,1485,1266885274,507
keeperofdakeys,980,1302928330,743
keithpeter,3611,1311009498,2371
kelnos,2961,1236390032,1227
kelvin0,267,1334060588,388
kin,616,1232845965,434
kissickas,732,1260292336,380
kjs3,641,1370581716,766
klibertp,1785,1345131252,1221
kllrnohj,1201,1362676659,370
koliber,76,1365669060,51
kordless,2899,1230191724,1740
kosievdmerwe,64,1395985120,26
kozhevnikov,191,1364781589,82
kqr2,12648,1213332030,2040
kragen,7861,1227744878,3494
krakensden,3349,1222623193,1158
krapp,4336,1345085405,3285
krasin,500,1219689191,174
krick,876,1387114624,467
krisdol,492,1378413551,227
ksec,836,1328085771,715
ksk,537,1317818123,552
kuschku,1353,1378666030,970
kyllo,2972,1354682984,1296
lacker,3294,1203382308,1151
lalwanivikas,2008,1382293985,164
lambda,6912,1242931123,1402
larrys,8097,1299433625,3690
laumars,3540,1310384752,1576
lawnchair_larry,7236,1298436133,1601
lazyant,727,1192567468,570
lazyjones,2006,1342774450,916
lbotos,880,1327247904,386
learc83,5189,1303578418,1567
leejoramo,428,1285625604,174
leephillips,5001,1329934764,1533
legulere,771,1337165136,400
lemming,2399,1247402906,587
leni536,924,1394524453,513
leroy_masochist,472,1412650421,97
lexcorvus,364,1391196519,181
lgas,322,1205215375,200
lifeformed,1883,1321510561,721
lifeisstillgood,8139,1235641268,3847
lightbritefight,128,1372351499,67
linuxfan,6,1407793192,8
liotier,4302,1299886444,469
lisper,12784,1200207532,2115
lispm,4738,1237135492,1783
listic,1125,1172162869,1010
ljk,352,1410291975,419
llamataboot,3630,1370714988,442
lleims,1796,1317199475,228
lmm,10024,1318583431,5905
lnanek2,2736,1338159216,1666
lobster_johnson,3098,1284054688,1514
logfromblammo,2766,1384358418,1737
logicallee,2268,1366793229,2337
logn,4038,1319868488,2063
lorddoig,871,1397069900,173
lostlogin,2539,1321139312,1705
lovemenot,310,1363130393,193
lpsz,763,1391449647,141
lscharen,69,1279301759,31
lucaspiller,2243,1315855524,939
lucb1e,3821,1326464166,1845
lucio,360,1309928835,195
lukasm,913,1384400318,497
lumberjack,811,1335630213,371
luu,41059,1256257659,2484
m0nty,1652,1203328175,433
ma2rten,2668,1286096378,865
madaxe_again,2550,1387020401,850
madsushi,607,1334469397,139
mafuyu,1521,1382838985,154
magicalist,5910,1292308007,1596
mahmud,18850,1237009842,5033
mahouse,687,1391676117,574
mahyarm,3022,1303420716,1827
makomk,5193,1317252241,1983
malandrew,7025,1278631533,3636
malnourish,306,1273185214,198
mappu,1631,1315634112,602
marcosdumay,2976,1347990477,2225
marincounty,534,1373407321,950
mark_l_watson,5842,1250650641,2972
marknutter,5461,1254887467,1921
marktangotango,1097,1367005938,475
masklinn,22931,1240679306,7234
mataug,570,1362749785,167
mathgenius,875,1241191008,132
matt_morgan,330,1311779377,106
mattmanser,8236,1236897942,2367
mattzito,1563,1353427936,294
matwood,3662,1266706589,1397
maxerickson,7466,1280361444,4661
mbesto,4889,1290161843,1870
mbreese,6215,1226697438,1734
mc32,3071,1285170511,1778
mcfunley,3025,1175483453,249
mcguire,2001,1261524421,1457
mcherm,2933,1185210461,863
mcv,2435,1313050285,1389
mdturnerphys,1208,1363307643,252
me_bx,271,1334828528,70
melling,7704,1254453117,3412
mempko,566,1339592639,290
mentat,1075,1285862250,628
mentos,393,1351048225,228
meowface,2299,1368064896,1243
mercer,1003,1371660186,838
mesozoic,272,1350338528,176
metabrew,1116,1255897313,154
methehack,415,1322847051,137
mey,2812,1251296748,899
mgkimsal,8908,1198436708,3447
mhb,17242,1173734808,2937
micampe,1500,1185023904,683
michaelbuddy,338,1331236330,392
michaelmior,1508,1308236914,1168
michaelt,4291,1340187711,1341
microcolonel,445,1338594738,312
middleclick,1419,1384192721,232
mike-cardwell,9801,1262111977,2822
mike_hearn,1713,1387229718,765
mikeash,29877,1307130902,9386
mikepurvis,586,1256668860,259
mikeryan,6661,1205451059,1630
mikeyouse,3712,1340661060,858
minimax,3800,1293504011,834
minimaxir,12705,1332620100,2736
minopret,186,1319555391,125
mintplant,2647,1323743108,584
mirsadm,577,1329022464,265
misiti3780,3001,1335938165,594
mixedbit,810,1327496419,301
mjevans,107,1407272354,140
mkhalil,138,1345815147,144
mkhpalm,90,1325108551,78
mlamat,28,1385477873,17
mmahemoff,5187,1294613790,1069
mmanfrin,2802,1334273848,669
mmastrac,16660,1183500331,1226
mnw21cam,878,1383055210,333
modeless,5852,1247083876,1113
molecule,3233,1280360235,480
monk_e_boy,668,1347978723,235
monochromatic,3155,1294953004,1141
monort,2258,1407345751,344
mooreds,3369,1330118803,1077
morgante,3852,1345425601,1230
moron4hire,5915,1252422423,2914
mrb,9942,1275094015,1525
mreiland,391,1398449365,553
mrmch,365,1309383299,145
mrmondo,1015,1370431262,506
mrweasel,1254,1319570368,493
msabalau,1289,1240966249,221
mseepgood,1475,1338632998,456
msoad,1940,1357968470,610
mtdewcmu,900,1342675102,997
munificent,6935,1255397310,1162
murbard2,1419,1347474172,620
mvip,436,1274973383,129
mwcampbell,2577,1360113268,770
mwfunk,1399,1344619055,456
mxfh,9038,1332194760,801
nacs,1382,1246917470,636
nailer,10367,1185780080,4374
nakodari,19,1322734828,26
namuol,819,1359370671,267
narag,1322,1212600302,739
nateabele,722,1317073780,244
nathancahill,2021,1329440607,502
ndrake,774,1217874546,69
neals,773,1380610977,253
nell,84,1339785738,55
neoCrimeLabs,132,1394040879,44
neovive,1427,1210082158,622
netcan,9024,1212020925,3640
nether,1736,1371589987,630
netheril96,250,1403229571,159
networked,6170,1324412236,992
neuromancer2701,13,1374170172,25
newman314,1661,1266707548,952
newscracker,128,1374844166,79
nickff,1351,1299087764,697
nickstinemates,767,1371610648,418
nickthemagicman,368,1352477114,341
niels_olson,5231,1204518369,1965
nightski,976,1262117441,578
nilkn,3526,1355983423,1408
nine_k,1605,1331744237,688
nitin_flanker,78,1410243791,329
nitrogen,10272,1236298121,5785
nkurz,27478,1233551110,2714
nkuttler,830,1335629545,366
nly,3588,1365934739,1681
nness,482,1352956648,273
nnx,492,1387281773,107
no_gravity,1407,1313743644,230
noarchy,2132,1255398486,721
nocman,345,1239754138,183
nodesocket,1857,1299748318,818
nogridbag,467,1376663726,176
noinsight,282,1363523013,122
noonespecial,24895,1193468898,4270
nostrademons,34985,1171997243,7820
notacoward,1905,1353326104,620
notahacker,4988,1279653049,2343
notatoad,6518,1203299543,1852
nsxwolf,3741,1321501583,1350
nwenzel,511,1326416802,246
oblio,829,1360325171,398
oh_sigh,1686,1306366386,736
ojbyrne,15059,1191546552,3717
oldmanjay,1629,1398861864,701
omegaham,1027,1365297058,279
ommunist,588,1341323185,532
omnibrain,3979,1363799375,337
oneeyedpigeon,2091,1361058090,1075
onewaystreet,834,1394154310,348
onion2k,5241,1331218470,1440
onli,1550,1311029930,530
orangecat,5614,1239995999,1355
orf,1663,1350237205,394
orkoden,280,1346418412,143
oskarth,5772,1332099115,596
oso2k,414,1341528408,121
osxrand,79,1384880262,47
outside1234,2695,1312393069,855
ownagefool,438,1355661311,300
oxide,104,1352886896,79
panarky,11533,1291623033,849
panic,4185,1253127019,574
pasbesoin,4331,1172691491,3073
patio11,108776,1226911362,9111
paulmd,447,1396639630,188
paulojreis,733,1372241441,279
paulsutter,4501,1330441941,830
pavel_lishin,19396,1199374703,5650
pavelrub,198,1379552846,159
pawn,610,1296660954,191
pbiggar,5851,1232998026,1568
pbreit,6227,1176081699,4124
pcl,857,1314329570,274
pcurve,627,1314937380,325
pcwalton,12776,1250977782,2538
pdkl95,2832,1376134630,973
pearjuice,2640,1370091765,915
pedalpete,3274,1214367841,2691
perlgeek,3434,1243422405,773
personjerry,914,1385613391,426
pervycreeper,970,1335180316,459
peter303,402,1361289854,300
peter_l_downs,1494,1287538182,477
petercooper,32751,1178032998,6883
peteretep,7262,1304218828,1681
petersellers,96,1391295434,23
peterwwillis,6533,1248452611,3000
pg_is_a_butt,-34,1386703785,242
philsnow,868,1328693293,505
phkahler,1401,1248709492,789
phodo,425,1286911070,171
pi-rat,270,1375384313,63
pibefision,643,1191001147,284
pierrec,677,1377884653,165
pilif,9558,1234178551,1427
piptastic,79,1313115628,30
pitt1980,370,1319550186,238
pixelmonkey,1520,1191603463,241
pixie_,511,1319221958,297
pixl97,702,1354940761,460
pjc50,8312,1373274985,2903
pjmlp,12245,1292162191,7733
pkaye,732,1381966548,442
plg,3253,1321640321,805
plinkplonk,12669,1171980633,1924
ploxiln,1554,1383764527,317
pluma,1805,1410455971,992
pmiller2,1828,1258775910,561
pmorici,6520,1206331405,1824
pmx,104,1370094683,50
pnathan,7158,1296230057,2701
pohl,6815,1239892612,1815
pohungc,68,1321818255,57
ponyous,442,1322669696,135
ponytech,64,1378824178,48
porsupah,266,1337776774,117
potatolicious,28400,1222282902,4778
pradn,179,1327183057,65
praseodym,496,1371595491,148
prawn,7961,1234913004,3396
prewett,771,1236190032,398
prezjordan,2255,1331849124,918
privong,3682,1302584696,672
pron,10417,1324680359,2857
prostoalex,23201,1183498397,3347
protonfish,956,1351172806,422
psykovsky,623,1379853834,612
pyre,18522,1245455697,8135
pyrophane,215,1374654930,70
qq66,4772,1271065799,1530
quonn,703,1319553224,264
qznc,3183,1334214949,1212
r00fus,4953,1295644159,2943
rabbyte,172,1369933485,123
radicalbyte,1661,1307048301,503
rakoo,1299,1384327970,767
rasur,678,1288893891,340
rasz_pl,1124,1390851657,1113
raverbashing,8026,1334354672,3813
rayiner,49805,1293654235,12089
raymondh,1258,1265676975,142
razster,11,1410814301,74
rbanffy,29483,1205327461,11909
rblatz,364,1334155724,170
rcarmo,1601,1374049001,343
rch,1452,1279121844,1050
rcthompson,2646,1283285981,870
rdl,29397,1215513073,8553
rdrey,84,1301110270,56
rdtsc,18115,1246280199,4699
readme,1957,1322414552,960
realusername,689,1407177890,269
rebel,178,1292431570,84
recursive,1948,1316176624,1021
refurb,4249,1311984695,1944
regularfry,3416,1231266729,1822
reinhardt,3358,1283812475,912
reitanqild,801,1399140174,551
repsilat,1185,1262341010,454
res0nat0r,3511,1258579337,1687
rev_bird,558,1402316322,232
revelation,9125,1328651017,1940
rgbrgb,1956,1291071514,764
rhizome,10000,1286169039,5870
ricardobeat,6885,1281997574,3305
richardwhiuk,797,1349808443,289
rictic,1496,1187213171,377
riffraff,5492,1191000640,2131
rikkus,470,1362756612,283
rjdagost,327,1329008955,66
rjsw,482,1289225005,374
rl3,2593,1364525834,432
rlpb,5092,1259191506,1224
rm445,541,1295205267,241
rmason,6172,1172338541,1523
rmc,12211,1207056471,5423
rnovak,408,1361305197,254
robbiep,1273,1330494982,412
robg,28421,1175296227,4552
robin_reala,25649,1226066455,1857
robotkilla,319,1411764694,192
robotresearcher,1723,1274387034,758
robryk,236,1370951147,148
robszumski,431,1297196435,143
rodgerd,3162,1351025680,984
rogerbinns,4324,1321313363,1636
roghummal,92,1325399728,193
rokhayakebe,8867,1175518413,3500
rory096,744,1211237309,194
roryokane,1318,1237774982,768
rplnt,3376,1310991912,1356
rsync,3499,1342710656,1036
rubyn00bie,498,1368809122,169
runamok,237,1277152927,187
rwallace,1735,1282753478,876
rwmj,6812,1251750944,1845
ryan_j_naughton,7112,1347504425,761
ryandvm,4234,1253653497,803
rythie,3205,1214124102,1101
s369610,23,1378646715,18
salimmadjd,3831,1299005854,565
sama,14068,1160422466,1456
samclemens,6054,1410890989,333
sampo,2557,1271543776,756
samstave,5300,1236195899,2955
sandGorgon,2623,1237263741,1328
sanderjd,3395,1271376078,1596
sanxiyn,3403,1247369376,1001
sarciszewski,1246,1402498117,1339
saryant,2759,1316931370,1188
saturdaysaint,1763,1279646532,629
saurik,11101,1259209514,2703
sbierwagen,4487,1274585163,1054
sbov,1668,1271053776,718
scholia,3916,1348485516,1641
schrodinger,641,1353227571,292
scintill76,1085,1320112915,664
sciurus,9677,1295400717,1859
scott_karana,2443,1345751914,1324
scotty79,4203,1247009940,2235
scribu,1007,1240066322,287
scrollaway,4754,1391880493,1199
sdoering,3223,1321532743,679
seanmcdirmid,9848,1326160881,5634
searine,203,1306343660,81
seba_dos1,857,1379604681,252
secabeen,416,1331790082,198
seivan,3110,1277149516,1293
seliopou,587,1264289950,156
sgentle,2651,1232678221,264
shalmanese,6844,1223499464,1029
shanemhansen,886,1323475353,284
sharemywin,289,1298323915,843
shawndumas,55979,1252952898,7923
shmerl,3896,1321482416,2926
shoover,121,1233861419,128
shostack,991,1380646266,480
shpx,184,1387100983,60
sidcool,2889,1299250160,1217
signa11,15827,1209469785,1562
sillysaurus3,5668,1378609450,1607
simonsarris,10320,1249481646,824
simula67,532,1331792375,142
sireat,755,1219761027,644
sirkneeland,1238,1327880663,403
sitkack,2533,1275348787,1972
sixQuarks,1626,1323145658,802
sjclemmy,397,1287774026,86
sjwright,2605,1274888919,928
ska,1001,1250170604,473
sklogic,692,1410245062,704
skorecky,209,1332193263,100
skrebbel,9135,1299058688,2107
skrowl,341,1370866245,200
skybrian,2733,1238957193,1048
slavik81,427,1393963508,164
sliverstorm,22701,1259798149,10213
smacktoward,21243,1313950894,2640
smcl,1550,1274534569,548
smellf,87,1372878308,72
smileysteve,274,1361998551,239
smoyer,4143,1285328273,1854
smrtinsert,975,1352311767,658
smt88,1399,1406998053,981
smtddr,4207,1352247468,1878
snogglethorpe,1914,1318296958,1194
snsr,458,1270822216,194
soundsop,14218,1186218175,1289
sown,3022,1209753966,1119
soylentcola,597,1381523602,344
sp332,31784,1240882981,12491
sparkzilla,473,1348707127,442
speeq,348,1367192561,93
spicyj,6949,1241497420,1129
spikels,5073,1339287429,726
spilk,66,1392734961,30
spudlyo,2799,1244244819,638
sqrt17,717,1271012051,308
squeaky-clean,554,1398204894,224
squiggy22,857,1265278532,150
sremani,782,1349879207,307
sroerick,518,1192989068,316
sschueller,1289,1246564436,385
staunch,25204,1171934314,6990
stefantalpalaru,2007,1321740679,994
stephen_g,1348,1305001413,518
stephenitis,100,1360228693,73
stephenr,1548,1304946907,1214
stevekemp,1155,1351627717,737
steveklabnik,36383,1235929779,6784
steven777400,857,1361978276,182
stevep98,129,1305104654,97
stevewilhelm,3791,1289718961,792
stock_toaster,2729,1305066522,1025
stonemetal,2648,1226018788,1839
stonith,48,1341365969,47
stormcrowsx,151,1373918470,70
stouset,585,1316470512,264
striking,3185,1393102168,558
stronglikedan,462,1393965858,266
stuaxo,615,1207063010,588
supercanuck,739,1300238467,233
superuser2,4499,1278029818,1932
suprgeek,12312,1246451767,951
suprjami,244,1371902940,115
swah,7224,1267017948,3126
swalsh,3298,1323546179,1066
swang,1717,1261551240,548
swasheck,525,1309403454,214
switch007,708,1268672555,364
swombat,42994,1200048272,6283
sxp,1459,1340602479,137
symmetricsaurus,208,1349947729,63
tP5n,50,1369005389,43
taejo,761,1305726043,371
takeda,446,1244226768,273
talideon,630,1388080967,282
talles,1848,1371659109,495
tammer,585,1300910377,227
taspeotis,2623,1370836757,578
tcdent,758,1235770656,297
teacup50,1540,1385925088,709
teamhappy,636,1403702355,300
teddyh,2602,1373529727,1146
tedunangst,11642,1244579293,4543
teekert,561,1364117107,297
teh_klev,1605,1333645068,737
tempodox,698,1371240376,779
testrun,1930,1375931692,469
tetraodonpuffer,214,1413735792,72
tfgg,453,1369508686,142
thaumaturgy,15568,1203219941,3182
the8472,901,1370379041,389
the_mitsuhiko,2546,1270245096,722
the_rosentotter,153,1345045103,71
thedufer,2001,1301936802,808
themartorana,2867,1351087783,703
therealidiot,113,1403460895,72
thesis,345,1294824623,180
thesorrow,54,1305810714,56
thibaut_barrere,7328,1254305425,1547
thom,761,1256722228,338
threeseed,2645,1366067468,1779
throwaway_yy2Di,3360,1373056548,741
thrownaway2424,4094,1333721687,1497
tiglionabbit,167,1251150422,154
tikhon,1489,1160509766,107
tim333,2405,1384789958,1408
tinco,4151,1269471234,1377
tjr,6907,1187467371,1727
tkubacki,230,1394796542,123
tlb,5857,1160418239,1275
tlrobinson,20679,1191214123,5615
tmikaeld,483,1380735731,349
toast0,549,1356225782,351
tobr,169,1333381357,65
tobylane,294,1297101823,661
tobz,130,1358865276,91
tokenadult,58062,1226893238,10446
tokenizerrr,1063,1369408946,613
tomp,6401,1299588136,2315
tomschlick,1124,1330907519,128
tomsthumb,203,1361301892,159
tonyarkles,686,1249958401,372
toolslive,425,1332928131,231
toomuchtodo,11957,1319588641,5774
tormeh,2812,1391869362,1553
toyg,7001,1306160985,2137
tptacek,224299,1193928763,34866
tracker1,2069,1345077355,2089
treerock,160,1341675141,98
trhway,1838,1392407929,1325
triangleman,119,1380268229,103
tsotha,4447,1284633794,2945
tsunamifury,2380,1212421153,444
tux1968,2123,1319052626,284
tux3,372,1383606472,91
twic,2933,1361270851,1069
twoodfin,5185,1223934704,1639
twotwotwo,408,1340564349,206
tylerpachal,45,1393449239,59
tzm,942,1270792125,299
u02sgb,15,1375877455,23
uberneo,250,1412815726,123
ubernostrum,7754,1212539732,2042
ufmace,1420,1362092350,718
ufo,1615,1321278348,903
ultramancool,1090,1339026772,348
unchocked,215,1396626077,93
unethical_ban,840,1364428567,262
unhammer,357,1284626210,266
unimpressive,3494,1328678513,1248
unoti,2135,1287714493,490
untog,22687,1303144763,5330
uptown,34503,1242307368,3298
userbinator,9790,1386480216,3488
vacri,13172,1289543176,6260
vatotemking,40,1409880945,25
vbezhenar,550,1411495401,249
vegabook,439,1405182972,344
venomsnake,5266,1345935155,2645
vermontdevil,1163,1224202461,262
vessenes,2585,1256325505,591
vezycash,230,1326971169,116
vezzy-fnord,13499,1378695281,2826
vidarh,15525,1233441694,5710
vinay_ys,18,1364496725,8
vinceguidry,2809,1361979178,1545
virtualwhys,810,1357182282,523
visakanv,1847,1363361641,702
visarga,692,1315163350,541
vixen99,742,1203422144,554
vlunkr,477,1401823702,231
voltagex_,3782,1335241003,2144
vonklaus,1413,1390520617,555
vonmoltke,4024,1325115234,1254
vonnik,1300,1383689420,395
vowelless,922,1344126952,285
vram22,146,1366316626,374
vxNsr,1624,1361687643,449
wahsd,741,1339094385,622
walrus,1611,1307392318,280
walshemj,2057,1350592350,2774
walterbell,8635,1401003805,2706
wamatt,2411,1329823476,608
warfangle,3255,1238453449,1492
waterlesscloud,16612,1249798093,4462
wavefunction,2478,1361546659,1130
waxjar,342,1324840294,215
waynecochran,211,1350147272,81
weaksauce,2391,1212198069,1344
webjprgm,322,1296105641,258
wehadfun,551,1372084150,416
weinzierl,2146,1272817625,445
wglb,32754,1200233521,5186
whoopdedo,555,1384036130,234
wildpeaks,620,1355308794,242
wiml,266,1255677240,179
wingerlang,733,1312534915,644
wiremine,1542,1353416513,236
wittekm,88,1331594694,27
wlesieutre,2721,1289274783,998
wmeredith,6193,1175096317,1407
woah,2375,1341607188,1104
wodenokoto,1711,1368556781,914
wolf550e,562,1241493856,255
wolfgke,1257,1241215417,586
wtallis,5240,1253484167,1744
wtbob,2728,1368565832,897
ww520,4308,1265829009,1961
wyclif,15075,1199057469,2641
x0x0,4144,1369853346,1460
x1798DE,827,1398372818,362
xenophonf,607,1290608965,325
xg15,307,1392238422,136
xiaoma,3346,1206977444,1587
xorcist,1318,1404368648,881
xuki,3164,1289907374,228
yarrel,523,1341238226,388
yequalsx,2309,1235679787,708
ygra,2013,1348059143,1211
yodsanklai,816,1376927448,365
yuhong,3890,1241939884,3728
yummyfajitas,35741,1202011551,9697
z3t4,270,1396780841,344
zachrose,1216,1277282609,519
zamalek,2050,1366021296,789
zaptheimpaler,691,1321372174,244
zaroth,4636,1324605410,1519
zdean,1690,1297789126,151
zdw,23207,1283263962,1987
zem,3348,1187168488,1509
zenogais,463,1330651201,199
zeroxfe,90,1392469653,26
zimpenfish,843,1252582017,816
zmmmmm,5344,1266199591,1276
zo1,1206,1396535548,1183
zobzu,4201,1309137650,2293
zongitsrinzler,101,1376028626,60
zura,1186,1314729129,597
zurn,1673,1297596639,957
zwischenzug,947,1300748902,360
zyx321,143,1392296408,112
zyxley,1124,1365178243,421
